<?xml version="1.0" encoding="UTF-8"?>

<mule xmlns:os="http://www.mulesoft.org/schema/mule/os"
	xmlns:api-gateway="http://www.mulesoft.org/schema/mule/api-gateway"
	xmlns:json-logger="http://www.mulesoft.org/schema/mule/json-logger"
	xmlns:secure-properties="http://www.mulesoft.org/schema/mule/secure-properties"
	xmlns:tls="http://www.mulesoft.org/schema/mule/tls" xmlns:apikit="http://www.mulesoft.org/schema/mule/mule-apikit" xmlns:http="http://www.mulesoft.org/schema/mule/http" xmlns="http://www.mulesoft.org/schema/mule/core" xmlns:doc="http://www.mulesoft.org/schema/mule/documentation" xmlns:xsi="http://www.w3.org/2001/XMLSchema-instance" xsi:schemaLocation="
http://www.mulesoft.org/schema/mule/api-gateway http://www.mulesoft.org/schema/mule/api-gateway/current/mule-api-gateway.xsd 
http://www.mulesoft.org/schema/mule/mule-apikit http://www.mulesoft.org/schema/mule/mule-apikit/current/mule-apikit.xsd http://www.mulesoft.org/schema/mule/core http://www.mulesoft.org/schema/mule/core/current/mule.xsd
http://www.mulesoft.org/schema/mule/http http://www.mulesoft.org/schema/mule/http/current/mule-http.xsd
http://www.mulesoft.org/schema/mule/tls http://www.mulesoft.org/schema/mule/tls/current/mule-tls.xsd
http://www.mulesoft.org/schema/mule/secure-properties http://www.mulesoft.org/schema/mule/secure-properties/current/mule-secure-properties.xsd
http://www.mulesoft.org/schema/mule/json-logger http://www.mulesoft.org/schema/mule/json-logger/current/mule-json-logger.xsd
http://www.mulesoft.org/schema/mule/os http://www.mulesoft.org/schema/mule/os/current/mule-os.xsd">
	<http:listener-config name="api-httpListenerConfig">
        <http:listener-connection host="${https.host}" port="${https.private.port}" protocol="HTTPS">
			<tls:context >
				<tls:key-store type="jks" path="${tls.keystore.path}" keyPassword="${secure::tls.keystore.password}" password="${secure::tls.keystore.password}" alias="${secure::tls.keystore.alias}"/>
			</tls:context>
		</http:listener-connection>
    </http:listener-config>
	<configuration-properties doc:name="Common Configuration properties" doc:id="e5210eab-6ba7-4208-abb6-9c67f9d9b1e6" file="config/common.yaml" />
	<configuration-properties doc:name="Env Configuration properties" doc:id="40d44ee0-7d43-40e1-a203-fb3b6a388348" file="config/${mule.env}-config.yaml" />
	<secure-properties:config name="Secure_Properties_Config" doc:name="Secure Properties Config" doc:id="d01ec208-dfbb-4b1e-852b-8a844810e19a" file="secured-config/${mule.env}-config-secured.yaml" key="${encryptionKey}" />
</mule>
