<?xml version="1.0" encoding="UTF-8"?>

<mule xmlns:db="http://www.mulesoft.org/schema/mule/db" xmlns:sqs="http://www.mulesoft.org/schema/mule/sqs"
	xmlns:tls="http://www.mulesoft.org/schema/mule/tls"
	xmlns:json-logger="http://www.mulesoft.org/schema/mule/json-logger" xmlns:ee="http://www.mulesoft.org/schema/mule/ee/core" xmlns:http="http://www.mulesoft.org/schema/mule/http" xmlns="http://www.mulesoft.org/schema/mule/core" xmlns:doc="http://www.mulesoft.org/schema/mule/documentation" xmlns:xsi="http://www.w3.org/2001/XMLSchema-instance" xsi:schemaLocation="http://www.mulesoft.org/schema/mule/core http://www.mulesoft.org/schema/mule/core/current/mule.xsd
http://www.mulesoft.org/schema/mule/http http://www.mulesoft.org/schema/mule/http/current/mule-http.xsd
http://www.mulesoft.org/schema/mule/ee/core http://www.mulesoft.org/schema/mule/ee/core/current/mule-ee.xsd
http://www.mulesoft.org/schema/mule/json-logger http://www.mulesoft.org/schema/mule/json-logger/current/mule-json-logger.xsd
http://www.mulesoft.org/schema/mule/tls http://www.mulesoft.org/schema/mule/tls/current/mule-tls.xsd
http://www.mulesoft.org/schema/mule/sqs http://www.mulesoft.org/schema/mule/sqs/current/mule-sqs.xsd
http://www.mulesoft.org/schema/mule/db http://www.mulesoft.org/schema/mule/db/current/mule-db.xsd">
	<flow name="sample-appFlow" doc:id="935dbd12-c570-4ac6-99ea-9125efc0f4e0" >
		<http:listener doc:name="Listener" doc:id="a9caa23b-af29-44d9-aa2d-d52d7020bfa5" config-ref="api-httpListenerConfig" path="/healthCheck"/>
		<!-- <ee:transform doc:name="Transform Message" doc:id="51d2627c-366e-4456-9227-20ea0ed752a2" >
			<ee:message >
				<ee:set-payload ><![CDATA[%dw 2.0
output application/json
-&#45;&#45;
{
	
	apiName: p('mule.env') ++ "-healthcheck-api",
	status: "OK",
	region: p('mule.region')
}]]></ee:set-payload>
			</ee:message>
			<ee:variables >
			</ee:variables>
		</ee:transform> -->
		<ee:transform doc:name="Transform Start Message" doc:id="59219fbd-05c0-4448-8bb2-f1d613d28b66">
			<ee:message>
				<ee:set-payload><![CDATA[%dw 2.0
output application/json
---
{
	requestId: correlationId,
	apiName: p('mule.env') ++ "-healthcheck-api",
	state: "START",
	region: p('mule.region'),
	msg: "Request Received"
}]]></ee:set-payload>
			</ee:message>
		</ee:transform>
		<logger level="INFO" doc:name="Log Start" doc:id="cb3d6b49-33ca-43e9-9232-9e537053936a" message="#[payload]"/>
		<ee:transform doc:name="Transform End Message" doc:id="3ffd94cd-72c8-4f78-9b1b-a1fbf1788511">
			<ee:message>
				<ee:set-payload><![CDATA[%dw 2.0
output application/json
---
{
	
	apiName: p('mule.env') ++ "-healthcheck-api",
	state: "END",
	region: p('mule.region'),
	msg: "Processing Complete"
}]]></ee:set-payload>
			</ee:message>
		</ee:transform>
		<logger level="INFO" doc:name="Log End" doc:id="783c96de-a774-4509-9aff-8ca125c4cd9f" message="#[payload]"/>
	</flow>
</mule>
