<?xml version="1.0" encoding="utf-8"?>
<Configuration packages="com.microsoft.azure.eventhubs.extensions.appender,org.mule.extension.enhanced.mule.logging.jsonlayout">

    <!--These are some of the loggers you can enable. 
        There are several more you can find in the documentation. 
        Besides this log4j configuration, you can also use Java VM environment variables
        to enable other logs like network (-Djavax.net.debug=ssl or all) and 
        Garbage Collector (-XX:+PrintGC). These will be append to the console, so you will 
        see them in the mule_ee.log file. -->

    <Appenders>
        <RollingFile name="file" fileName="${sys:mule.home}${sys:file.separator}logs${sys:file.separator}logs-to-azure-event-hub.log"
                 filePattern="${sys:mule.home}${sys:file.separator}logs${sys:file.separator}logs-to-azure-event-hub-%i.log">
            <EMJsonLayout/>
            <SizeBasedTriggeringPolicy size="10 MB"/>
            <DefaultRolloverStrategy max="10"/>
        </RollingFile>
        <!--
        kt: Endpoint=sb://kttest.servicebus.windows.net/;SharedAccessKeyName=RootManageSharedAccessKey;SharedAccessKey=9G7AZrXPQ8bBCoBnQcFt0fCWRYefCn3K8+AEhKyNeW8=
        wab: Endpoint=sb://mulesoft-logs.servicebus.windows.net/;SharedAccessKeyName=mule-logs-to-logstash-producer;SharedAccessKey=l8sV6EznFVrFMM3/BSUNbqNcMfHoclkFW+AEhDypHBg=;EntityPath=mule-logs-to-logstash
         old - Endpoint=sb://mulesoft-logs.servicebus.windows.net/;SharedAccessKeyName=mule-logs-to-logstash-producer;SharedAccessKey=l8sV6EznFVrFMM3/BSUNbqNcMfHoclkFW+AEhDypHBg=;EntityPath=mule-logs-to-logstash
         
         -->
        <EventHub name="azure-eventHub" 
        	eventHubConnectionString="Endpoint=sb://evh-mulsoft-dev.servicebus.windows.net/;SharedAccessKeyName=RootManageSharedAccessKey;SharedAccessKey=k7AnGzTiPeqYDWgXAY3TBwtPC54XrZal4+AEhPaUK3E=;EntityPath=evhub-phub-dev">
           
      	</EventHub>
      	
      	<Log4J2CloudhubLogAppender name="CLOUDHUB"
                addressProvider="com.mulesoft.ch.logging.DefaultAggregatorAddressProvider"
                applicationContext="com.mulesoft.ch.logging.DefaultApplicationContext"
                appendRetryIntervalMs="${sys:logging.appendRetryInterval}"
                appendMaxAttempts="${sys:logging.appendMaxAttempts}"
                batchSendIntervalMs="${sys:logging.batchSendInterval}"
                batchMaxRecords="${sys:logging.batchMaxRecords}"
                memBufferMaxSize="${sys:logging.memBufferMaxSize}"
                journalMaxWriteBatchSize="${sys:logging.journalMaxBatchSize}"
                journalMaxFileSize="${sys:logging.journalMaxFileSize}"
                clientMaxPacketSize="${sys:logging.clientMaxPacketSize}"
                clientConnectTimeoutMs="${sys:logging.clientConnectTimeout}"
                clientSocketTimeoutMs="${sys:logging.clientSocketTimeout}"
                serverAddressPollIntervalMs="${sys:logging.serverAddressPollInterval}"
                serverHeartbeatSendIntervalMs="${sys:logging.serverHeartbeatSendIntervalMs}"
                statisticsPrintIntervalMs="${sys:logging.statisticsPrintIntervalMs}">

            <PatternLayout pattern="[%d{MM-dd HH:mm:ss}] %-5p %c{1} [%t]: %m%n"/>
        </Log4J2CloudhubLogAppender>
    </Appenders>

    <Loggers>
        <!-- Http Logger shows wire traffic on DEBUG -->
        <!--AsyncLogger name="org.mule.service.http.impl.service.HttpMessageLogger" level="DEBUG"/-->
        <AsyncLogger name="org.mule.service.http" level="WARN"/>
        <AsyncLogger name="org.mule.extension.http" level="WARN"/>

        <!-- Mule logger -->
        <AsyncLogger name="org.mule.runtime.core.internal.processor.LoggerMessageProcessor" level="INFO"/>

        <AsyncRoot level="INFO">
            <AppenderRef ref="file"/>
            <AppenderRef ref="azure-eventHub"/>
            <AppenderRef ref="CLOUDHUB" />
        </AsyncRoot>
    </Loggers>

</Configuration>
